scenario,eve_interception_rate,channel_noise_probability,average_qber,std_qber,trials_per_scenario,qubits_per_trial
Clean channel,0.0,0.0,0.0,0.0,30,5000
Noise only,0.0,0.03,0.028868493455269876,0.003882353643646688,30,5000
Eve only,0.1,0.0,0.025160280126734456,0.002648424855958232,30,5000
Eve + noise,0.1,0.03,0.05383364183097893,0.004440775265799563,30,5000
